paper,data,how_counted,dataset,author,system,relation,form,type,method,spatial,begin,end,step,iso_1,iso_2,license
https://doi.org/10.5194/essd-12-2959-2020,https://github.com/SantanderMetGroup/ATLAS/tree/main/reference-regions,1,IPCC reference regions,Iturbide et al. 2020,Climate,groundwater associated,Polygon,Zonal,Model,0.44 d,,,,ESP,,CC BY 4.0
https://doi.org/10.1038/s41597-023-02549-6,https://www.gloh2o.org/koppen/,1,Koppen Geiger climate zones,Beck et al. 2023,Climate,groundwater associated,Raster,Zonal,Model,0.01 d,1901,2099,30 y,SAU,,CC BY-NC 4.0 Deed
https://doi.org/10.1038/s41597-022-01493-1,https://doi.org/10.6084/m9.figshare.7504448.v5,1,Global Aridity Index and Potential Evapotranspiration Database,Zomer et al. 2022,Climate,groundwater associated,Raster,Static,Model,30 arc-sec,1960,2060,30 y,CHN,,CC BY 4.0
https://doi.org/10.1029/98JD02582,https://www.iaea.org/services/networks/gnip,1,Global Network of Isotopes in Precipitation (GNIP),"Luis Araguás-Araguás et al., 1998",Climate,groundwater associated,Point,Record,In situ,,,,,INTAG,,Statement
,,1.01,Precipitation,,Climate,groundwater associated,,,,,,,,,,
http://dx.doi.org/10.5676/DWD_GPCC/FD_M_V2022_025,https://opendata.dwd.de/climate_environment/GPCC/html/download_gate.html,0,GPCC - precipitation,Schneider et al. 2022,Climate,groundwater associated,Raster,Series,"In situ, Model",0.25 d,1891,2020,"1 d, 1 m",GER,,CC BY 4.0
doi.org/10.1038/sdata.2017.122,https://doi.org/10.5061/dryad.kd1d4,0,CHELSA - precipitation,Karger et al. 2017,Climate,groundwater associated,Raster,Series,Model,30 arc-sec,1979,2013,1 m,CHE,,CC0 1.0 Deed
https://doi.org/10.1175/BAMS-D-17-0138.1,https://www.gloh2o.org/mswep/,0,MSWEP - precipitation ,Beck et al. 2019,Climate,groundwater associated,Raster,Series,"In situ, Remote sensing, Model",0.1 d,1979,present,"3 h, 1 d, 1 m",USA,,CC BY-NC 4.0 Deed
https://doi.org/10.1007/978-3-030-24568-9_19,https://gpm.nasa.gov/data/directory,0,Global Precipitation Measurement (GPM) Mission (IMERG),Huffman et al. 2020,Climate,groundwater associated,Raster,Series,Remote sensing,0.25 d,1997,2015,"1.5 h, 1m",USA,,CC0
https://doi.org/10.1038/sdata.2018.296 ,https://chrsdata.eng.uci.edu/,0,PERSIANN - precipitation,Nguyen et al. 2019,Climate,groundwater associated,Raster,Series,Remote sensing,0.25 d,2000,present,"1 h, 3 h, 6 h, 1 d, 1 m, 1 y",USA,,CC0 1.0 Universal 
https://doi.org/10.1038/s41597-021-00940-9,https://chrsdata.eng.uci.edu/,0,Precipitation Estimation from Remotely Sensed Information using Artificial Neural Networks-Cloud Classification System-Climate Data Record (PERSIANN-CCS-CDR),Sadeghi et al. 2021,Climate,groundwater associated,Raster,Series,Model,0.04 d,1983,present,"3 h, 6 h, 1 d",USA,,CC0 1.0 Universal 
,,1.01,Precipitation projection/change,,Climate,groundwater associated,,,,,,,,,,
https://doi.org/10.1038/s41597-020-00587-y,https://www.doi.org/10.16904/envidat.124,0,CHELSA - precipitation projection,Karger et al. 2020,Climate,groundwater associated,Raster,Series,Model,0.049 d,1850,2100,1 m,CHE,,CC BY-SA 4.0 Deed
https://doi.org/10.1038/s43247-022-00558-8,https://doi.org/10.4121/20531376.v1,0,Extreme precipitation change,Gründemann et al. 2022,Climate,groundwater associated,Raster,Static,Model,0.25 d,,,,NLD,,CC BY 4.0
,,1.01,Hydrometeorological collections,,Climate,groundwater associated,,,,,,,,,,
https://doi.org/10.1038/s41597-020-0453-3,https://crudata.uea.ac.uk/cru/data/hrg/,0,CRU TS,Harris et al. 2020,Climate,groundwater associated,Raster,Series,"In situ, Model",0.5 d,1901,2023,1 m,UK,,Open Government License
https://doi.org/10.1038/sdata.2017.191,https://climate.northwestknowledge.net/TERRACLIMATE/,0,TerraClimate,Abatzoglou et al. 2018,Climate,groundwater associated,Raster,Series,Model,0.0416 d,1958,2020,1 m,USA,,CC0 1.0
https://doi.org/10.5194/essd-14-5573-2022,https://www.doi.org/10.16904/envidat.332,0,CHELSA-BIOCLIM+ global climate variables,Brun et al. 2022,Climate,groundwater associated,Raster,Series,Model,30 arc-sec,1980,2018,1 m,CHE,,CC0 1.0 Deed
https://doi.org/10.5194/essd-13-4349-2021,https://doi.org/10.24381/cds.e2161bac,0,ERA5-Land reanalysis,Muñoz-Sabater (2019),Climate,groundwater associated,Raster,Series,Model,0.1 d,1950,present,1 h,INTAG,,Licence to use Copernicus Products
,,1.01,Evapotranspiration ,,Climate,groundwater derived,,,,,,,,,,
https://doi.org/10.5067/MODIS/MOD16A2.006,https://lpdaac.usgs.gov/products/mod16a2v006/,0,MODIS - Evapotranspiration,Running et al. 2021,Climate,groundwater associated,Raster,Series,Remote sensing,500 m,2000,present,"8 d, 1 m, 1 y",USA,,CC0
https://doi.org/10.5194/bg-21-5079-2024,https://www.icos-cp.eu/data-products/fluxcom-x-global-fluxes-collection,0,FLUXCOM-X - Evapotranspiration,Nelson et al. 2024,Climate,groundwater associated,Raster,Series,Model,0.05 d,2001,2020,"1 m, 1 d",GER,,CC BY 4.0
https://doi.org/10.1038/s41597-024-03271-7,https://doi.org/10.11888/Terre.tpdc.300751,0,Terrestrial evapotranspiration and soil moisture dynamics from 1982 to 2020,Zhang et al. 2024,Climate,groundwater derived,Raster,Series,Model,0.1 d,1982,2020,1 d,CHN,,CC BY 4.0
https://doi.org/10.5194/hess-15-453-2011,https://www.gleam.eu/,0,Global Land Evaporation Amsterdam Domel (GLEAM),Miralles et al. 2011,Climate,groundwater associated,Raster,Series,"Remote sensing, Model",0.1 d,1980,2023,1 d,NLD,,Statement
,,,,,,,,,,,,,,,,
https://doi.org/10.1111/gcb.17066,https://doi.org/10.5281/zenodo.7924816,1,Groundwater ecosystem biodiversity,Saccò et al. 2023,Biosphere,groundwater derived,Raster,Static,Model,5 arc-min,,,,AUS,,CC BY 4.0
https://doi.org/10.5194/hess-24-4625-2020,https://www.hydroshare.org/resource/38ac7dd90c7d4353bb492604981782f0/,1,Ecohydrological classes of forest growth,"Roebroek et al., 2020",Biosphere,groundwater derived,Raster,Static,Model,30 arc-sec,,,,NLD,NLD,CC BY 4.0
https://doi.org/10.1038/s41559-021-01528-7,https://doi.org/10.5281/zenodo.5006332,1,Ecological conservation prioritization index,Jung et al. 2021,Biosphere,groundwater associated,Raster,Static,Model,10 km,,,,AUT,,CC BY-SA 4.0 Legal Code
https://doi.org/10.1038/s41597-023-02255-3,https://www.star.nesdis.noaa.gov/smcd/emb/vci/VH/vh_ftp.php,1,Vegetation health index,Zeng et al. 2023,Biosphere,groundwater associated,Raster,Series,Model,4 km,1981,2021,1 y,CHN,,CC BY 4.0
https://doi.org/10.1038/s41597-020-0534-3,https://fluxnet.org/data/fluxnet2015-dataset/,1,FLUXNET 2015 ,Pastorello et al. 2020,Biosphere,groundwater associated,Point,Record,In situ,,,,,USA,,CC BY 4.0
https://doi.org/10.1111/geb.12729,https://doi.org/10.5281/zenodo.5026943,1,Species abundances (BioTIME),Dornelas et al. 2018,Biosphere,groundwater associated,Point,Record,In situ,,,,,GBR,,CC BY 4.0 Legal Code
https://doi.org/10.5194/essd-11-189-2019,https://doi.org/10.1594/PANGAEA.892657,1,Groundwater driven wetlands,Tootchi et al. 2019,Biosphere,groundwater derived,Raster,Static,Model,15 arc-sec,,,,FRA,,CC BY 3.0 Deed
doi.org/10.5067/MEaSUREs/VIP/VIP30.004,https://doi.org/10.5067/MEaSUREs/VIP/VIP30.004,1,Vegetation Index Phenology (VIP),Didan and Barreto 2016,Biosphere,groundwater associated,Raster,Series,Remote sensing,0.05 d,1981,2014,1 m,USA,,CC BY-NC 4.0 Deed
https://www.iucnredlist.org/resources/other-spatial-downloads,https://www.iucnredlist.org/resources/other-spatial-downloads,1,IUCN Red List richness,IUCN 2022,Biosphere,groundwater associated,Raster,Static,Model,30 km,,,,NA,,CC BY-NC 4.0 Deed
https://doi.org/10.1038/s41561-023-01125-2,https://10.5281/zenodo.5515245,1,Root zone water storage capacity,Stocker et al. 2023,Biosphere,groundwater associated,Raster,Static,Model,0.05 d,,,,USA,CHE,CC-BY 4.0
https://doi.org/10.1029/2019EF001239,https://10.5061/dryad.h2v2398,1,Ecological vulnerability,Varis et al. 2019,Biosphere,groundwater associated,Raster,Series,Model,5 arc-min,1990,2015,1 y,FIN,,CC0 1.0 Universal
https://doi.org/10.5194/essd-15-1465-2023,http://maps.elie.ucl.ac.be/CCI/viewer/download.php,1,ESA plant functional types,Kandice et al. 2023,Biosphere,groundwater associated,Raster,Series,Model,300 m,1992,2020,1 y,BEL,,Custom
https://doi.org/10.1038/s41597-024-03143-0,https://doi.org/10.5281/zenodo.10068479,1,GWL FCS30 Wetland classification,Zhang et al. 2024,Biosphere,groundwater associated,Raster,Series,Model,1 arc-sec,2000,2022,1 y,CHN,,CC BY 4.0 Legal Code
https://www.nature.com/articles/s41586-022-05318-4,https://zenodo.org/records/10081251,1,Ecosystem functional groups,Keith et al. 2022,Biosphere,groundwater derived,Raster,Static,Model,variable,,,,AUS,,CC BY 4.0
https://openlandmap.github.io/book/,https://doi.org/10.5281/zenodo.1475457,1,Soil organic carbon content,Hengl et al. 2018,Biosphere,groundwater associated,Raster,Static,Model,250 m,,,,NDL,,CC BY-SA 4.0
http://doi.org/10.1038/s41597-024-04139-6,https://doi.org/10.5281/zenodo.13890401,1,GPW Annual Dominant Class of Grasslands,Parente et al. 2024,Biosphere,groundwater associated,Raster,Series,Model,1 arc-sec,2000,2022,1 y,NDL,,CC BY 4.0
https://www.ramsar.org/,https://rsis.ramsar.org/,1,Ramsar wetlands,Ramsar Sites Information Service 2024,Biosphere,groundwater derived,Point,Record,,,,,,INTAG,,Statement
,,1.01,Gross primary productivity,,Biosphere,groundwater associated,,,,,,,,,,
https://doi.org/10.5194/bg-21-5079-2024,https://www.icos-cp.eu/data-products/fluxcom-x-global-fluxes-collection,0,FLUXCOM-X - Gross Primary Productivity (GPP),Nelson et al. 2024,Biosphere,groundwater associated,Raster,Series,Model,0.05 d,2001,2020,1 m,GER,,CC BY 4.0
https://doi.org/10.5067/MODIS/MOD17A2H.061,https://doi.org/10.5067/MODIS/MOD17A2H.061,0,MODIS - Gross Primary Productivity (GPP),Running et al. 2021,Biosphere,groundwater associated,Raster,Series,Remote sensing,500 m,2000,present,"8 d, 1 m, 1 y",USA,,CC0
https://land.copernicus.eu/en/products/vegetation/gross-primary-production-v1-0-300m,https://land.copernicus.eu/en/products/vegetation/gross-primary-production-v1-0-300m,0,Sentinel - Gross Primary Productivity (GPP),Copernicus Land Monitoring Service ,Biosphere,groundwater associated,Raster,Series,Remote sensing,300 m,2023,present,10 d,INTAG,,Licence to use Copernicus Products
,,1.01,Groundwater-dependent ecosystems,,Biosphere,groundwater derived,,,,,,,,,,
https://doi.org/10.1038/s41893-023-01086-9,https://doi.org/10.5683/SP3/P3OU3A,0,GDE inference,Huggins et al. 2023,Biosphere,groundwater derived,Raster,Static,Model,5 arc-min,,,,CAN,,CC BY-NC-SA 4.0 Deed
https://doi.org/10.1088/1748-9326/acea97,https://doi.org/10.17632/p39y3mdh6n.3,0,Groundwater dependent ecosystem probability,Link et al. 2023,Biosphere,groundwater derived,Raster,Static,Model,30 arc-min,,,,DEU,,CC BY 4.0
https://doi.org/10.1038/s41586-024-07702-8,https://doi.org/10.5281/zenodo.11062894,0,Groundwater-dependent ecosystems in drylands,Rohde et al. 2024,Biosphere,groundwater derived,Raster,Static,"Remote sensing, Model",1 arc-sec,,,,USA,,Raster
,,1.01,Ecoregions,,Biosphere,groundwater associated,,,,,,,,,,
https://doi.org/10.1093/biosci/bix014,https://ecoregions.appspot.com/,0,Terrestrial ecoregions (biomes),Dinerstein et al. 2017,Biosphere,groundwater associated,Polygon,Zonal,Model,,,,,USA,,CC-BY 4.0
https://doi.org/10.1641/B580507,https://www.feow.org/download,0,Freshwater ecoregions (biomes),Abell at al. 2008,Biosphere,groundwater associated,Polygon,Zonal,Model,,,,,USA,,Statement
,,1.01,Species richness,,Biosphere,groundwater associated,,,,,,,,,,
NA,https://doi.org/10.7927/H4N014G5,0,Mammal richness,IUCN 2015,Biosphere,groundwater associated,Raster,Static,Model,30 arc-sec,2015,,,INTAG,,CC BY 4.0
NA,https://doi.org/10.7927/H4RR1W66,0,Amphibian richness,IUCN 2015,Biosphere,groundwater associated,Raster,Static,Model,30 arc-sec,2015,,,INTAG,,CC BY 4.0
,,1.01,Rooting depth,,Biosphere,groundwater associated,,,,,,,,,,
https://doi.org/10.1038/s41561-023-01125-2,https://doi.org/10.5281/zenodo.5515245,0,Root zone storage capacity and depth,Stocker et al. 2023,Biosphere,groundwater associated,Raster,Static,Model,0.05 d,,,,USA,CHE,CC-BY 4.0
https://doi.org/10.1073/pnas.1712381114,https://wci.earth2observe.eu/thredds/catalog/usc/root-depth/catalog.html,0,Maximum rooting depth - Fan,Fan et al. 2017,Biosphere,groundwater derived,Raster,Series,Model,30 arc-sec,,,,USA,,Statement
,,1.01,Vegetation indices,,Biosphere,groundwater associated,,,,,,,,,,
https://doi.org/10.5067/MODIS/MOD13Q1.061,https://lpdaac.usgs.gov/products/mod13q1v006/,0,MODIS NDVI and EVI ,Didan 2021,Biosphere,groundwater associated,Raster,Series,Remote sensing,250 m,2000,present,16 d,USA,,Statement
NA,https://land.copernicus.eu/en/products/vegetation,0,CLMS NDVI - 300 m,EU CLMS ,Biosphere,groundwater associated,Raster,Series,Remote sensing,300 m,2014,present,10 d,INTAG,,Custom data policy
NA,https://land.copernicus.eu/en/products/vegetation,0,CLMS NDVI - 1 km,EU CLMS ,Biosphere,groundwater associated,Raster,Series,Remote sensing,10 km,1998,2020,10 d,INTAG,,Custom data policy
https://doi.org/10.5194/essd-15-4181-2023,https://doi.org/10.5281/zenodo.8253971,0,GIMMS NDVI,Li et al. 2023,Biosphere,groundwater associated,Raster,Series,Remote sensing,5 arc-min,1982,2022,15 d,CHN,,CC BY 4.0
https://doi.org/10.1038/s41597-023-02695-x,"https://doi.org/10.6084/m9.figshare.22220050, https://doi.org/10.6084/m9.figshare.22220125, https://doi.org/10.6084/m9.figshare.22267048",0,Improved 8-day NDVI and EVI,Xiong et al. 2023,Biosphere,groundwater associated,Raster,Series,Model,250 m,2000,2021,8 d,CHN,,CC BY 4.0
,,,,,,,,,,,,,,,,
https://doi.org/10.5194/hess-14-1863-2010,https://www.fao.org/aquastat/en/geospatial-information/global-maps-irrigated-areas/latest-version,1,Area equipped for irrigation from groundwater,Siebert et al. 2010,Food_systems,groundwater derived,Raster,Static,Model,5 arc-min,2005,,,DEU,,CC BY NC SA 3.0 IGO
https://doi.org/10.5194/essd-12-3545-2020,https://doi.org/10.7910/DVN/PRFF8V,1,SPAM - agricultural production maps,Yu et al. 2020,Food_systems,groundwater associated,Raster,Static,Model,5 arc-min,2010,,,CHN,USA,CC BY 4.0
https://10.1029/2007GB002952,http://www.earthstat.org/cropland-pasture-area-2000/,1,Pasture area,Ramankutty et al. 2008,Food_systems,groundwater associated,Raster,Static,Model,5 arc-min,2000,,,CAN,,CC BY 4.0
https://doi.org/10.1038/sdata.2018.227,https://www.fao.org/livestock-systems,1,Gridded livestock systems,Gilbert et al. 2018,Food_systems,groundwater associated,Raster,Static,Model,5 arc-min,2010,,,BEL,ITA,CC0 1.0 Deed
https://doi.org/10.1088/1748-9326/ab4bfc,https://doi.org/10.5281/zenodo.2593800,1,Virtual water trade agriculture,Rosa et al. 2019,Food_systems,groundwater associated,Tabular,Series,Model,Nation,2000,2015,15 y,USA,,CC BY 4.0
https://doi.org/10.1088/1748-9326/8/3/034015,http://www.earthstat.org/cropland-pasture-area-2000/,1,Crop allocation food feed nonfood,Cassidy et al. 2013,Food_systems,groundwater associated,Raster,Static,Model,5 arc-min,2000,,,USA,,CC BY 4.0
https://doi.org/10.1038/s41597-024-03051-3,https://doi.org/10.4121/7b45bcc6-686b-404d-a910-13c87156716a.v1,1,Water footprint crops,Mialyk et al. 2024,Food_systems,groundwater derived,Raster,Series,Model,5 arc-min,1990,2019,1 y,NLD,,CC BY-NC 4.0 Deed
https://doi.org/10.1038/s41597-019-0169-4,https://doi.org/10.6084/m9.figshare.7764014,1,Pesticide application rates (PEST-CHEMGRIDS),Maggi et al. 2019,Food_systems,groundwater associated,Raster,Series,Model,5 arc-min,2015,2025,1 y,AUS,,CC BY 4.0
https://doi.org/10.1175/2009EI288.1,https://doi.org/10.7927/H4Q81B0R,1,Fertilizer application and manure production layers ,Potter et al. 2010,Food_systems,groundwater associated,Raster,Series,Model,0.5 d,1994,2001,1 y,CAN,,CC0
https://doi.org/10.1038/s43016-023-00913-8,https://doi.org/10.5281/zenodo.10234041,1,Yield gaps,Gerber et al. 2024,Food_systems,groundwater associated,Raster,Series,Model,5 arc-min,1973,2012,1 y,USA,,CC BY 4.0
,,1.01,Field size,,Food_systems,groundwater associated,,,,,,,,,,
https://doi.org/10.1111/gcb.14492,https://pure.iiasa.ac.at/id/eprint/15526/,0,Crowd sourced field size,Lesiv et al. 2018,Food_systems,groundwater associated,Raster,Static,Remote sensing,1 km,2015,,,AUT,,CC BY-NC 4.0 Deed
https://doi.org/10.1038/s41893-020-00631-0,https://doi.org/10.7927/wvje-sn95,0,Farm field size,Mehrabi et al. 2020,Food_systems,groundwater associated,Raster,Static,Model,8.4 km,,,,CAN,,CC0
,,1.01,Irrigation areas,,Food_systems,groundwater associated,,,,,,,,,,
https://doi.org/10.1038/s44221-024-00206-9,https://zenodo.org/record/7809342,0,Evolution of global irrigation areas,Mehta et al. 2024,Food_systems,groundwater associated,Raster,Series,Model,5 arc-min,1900,2015,"10 y, 5 y",USA,,CC BY 4.0
https://doi.org/10.1016/j.advwatres.2021.103910,https://doi.org/10.5281/zenodo.4659475,0,Irrigation areas,Nagaraj et al. 2021,Food_systems,groundwater associated,Raster,Series,Model,5 arc-min,2001,2015,1 y,USA,,CC-BY 4.0
https://doi.org/10.5194/hess-19-1521-2015,http://dx.doi.org/10.13019/M20599,0,Historial irrigation,Siebert et al. 2015,Food_systems,groundwater associated,Raster,Series,Model,5 arc-min,1900,2005,"10 y, 5 y",DEU,FIN,CC0
,,1.01,Crop yields,,Food_systems,groundwater associated,,,,,,,,,,
https://doi.org/10.1038/s41597-021-01115-2,"https://doi.org/10.7910/DVN/KAGRFI, https://doi.org/10.7910/DVN/XGGJAV, https://doi.org/10.7910/DVN/KJFUO1",0,"Crop harvested area, production, yield, and monthly physical area data circa 2015",Grogan et al. 2022,Food_systems,groundwater associated,Raster,Static,Model,5 arc-min,2015,,,USA,,CC0 1.0 Deed
https://doi.org/10.1029/2007GB002947,http://www.earthstat.org/harvested-area-yield-175-crops/,0,Harvested area and yield for 175 crops,"Monfreda et al., 2008",Food_systems,groundwater associated,Raster,Static,Model,5 arc-min,2000,,,USA,,CC BY 4.0
https://doi.org/10.1038/s41597-020-0433-7,https://doi.org/10.1594/PANGAEA.909132,0,Historical yields of major crops,Izumi and Sakai 2020,Food_systems,groundwater associated,Raster,Series,Model,5 arc-min,1981,2016,1 y,JPN,,CC BY 4.0
,,1.01,Cropland,,Food_systems,groundwater associated,,,,,,,,,,
https://doi.org/10.1029/2007GB002952,http://www.earthstat.org/cropland-pasture-area-2000/,0,Cropland area,Ramankutty et al. 2008,Food_systems,groundwater associated,Raster,Static,Model,5 arc-min,2000,,,CAN,,CC BY 4.0
https://doi.org/10.5067/MEaSUREs/GFSAD/GFSAD1KCM.001,https://doi.org/10.5067/MEaSUREs/GFSAD/GFSAD1KCM.001,0,GFSAD global cropland datasets,Thenkabail et al. 2016,Food_systems,groundwater associated,Raster,Static,Remote sensing,1 km,2015,,,USA,,CC0
https://doi.org/10.1029/2008GB003435,https://www.uni-frankfurt.de/45218023/MIRCA,0,MIRCA2000 - Crop growing areas and cropping periods,"Portman et al., 2010",Food_systems,groundwater associated,Raster,Static,Model,5 arc-min,2000,,,DEU,,Statement
https://doi.org/10.1038/s43016-021-00429-z,https://www.glad.umd.edu/dataset/croplands,0,Cropland expansion,Potapov et al. 2022,Food_systems,groundwater associated,Raster,Series,Model,1 arc-sec,2003,2019,4 y,USA,,CC BY 4.0
,,1.01,Harvested areas,,Food_systems,groundwater associated,,,,,,,,,,
https://doi.org/10.1088/1748-9326/ab3b93,https://doi.org/10.13012/B2IDB-7439710_V1,0,Likelihood of harvested area time series,Jackson et al. 2019,Food_systems,groundwater associated,Raster,Series,Model,0.5 d,1961,2014,1 y,USA,,CC BY
https://doi.org/10.1038/s41597-024-03247-7,https://doi.org/10.6084/m9.figshare.22491997,0,CROPGRIDS,Tang et al. 2024,Food_systems,groundwater associated,Raster,Static,Model,0.05 d,2020,,,AUS,,CC BY 4.0
https://doi.org/10.1038/s41597-021-01115-2,https://doi.org/10.7910/DVN/KJFUO1,0,"Crop harvested area, production, yield, and monthly physical area data circa 2015",Grogan et al. 2022,Food_systems,groundwater associated,Raster,Static,Model,5 arc-min,2015,,,USA,,CC0 1.0 Deed
,,1.01,Harvesting dates,,Food_systems,groundwater associated,,,,,,,,,,
https://doi.org/10.1029/2008GB003435,https://www.uni-frankfurt.de/45218023/MIRCA,0,Crop growing areas and cropping periods,"Portman et al., 2010",Food_systems,groundwater associated,Raster,Static,Model,5 arc-min,2000,,,DEU,,Statement
https://doi.org/10.1029/2018MS001477,https://doi.org/10.20783/DIAS.546,0,Planting and harvesting dates for major crops,Iizumi et al. 2018,Food_systems,groundwater associated,Raster,Static,Model,0.5 d,2000,,,JAP,,Statement
,,,,,,,,,,,,,,,,
https://gadm.org,https://gadm.org/data.html,1,Administrative units,GADM,Governance,groundwater associated,Polygon,Zonal,Other,,,,,USA,,CC BY-SA 2.0 Deed
https://native-land.ca/,https://native-land.ca/resources/api-docs/,1,Indigenous colonial treaties,Native Land Digital,Governance,groundwater associated,Polygon,Zonal,Other,,,,,CAN,,CC0
https://native-land.ca/,https://native-land.ca/resources/api-docs/,1,Indigenous territories,Native Land Digital,Governance,groundwater associated,Polygon,Zonal,Other,,,,,CAN,,CC0
https://doi.org/10.46830/writn.23.00061,https://www.wri.org/data/aqueduct-global-maps-40-data#download-form,1,Peak RepRisk ESG risk index,Aqueduct 4.0,Governance,groundwater associated,Polygon,Static,Model,Country,2017,,,USA,NLD,CC BY 4.0
https://epi.yale.edu/downloads/epi2022report06062022.pdf,https://doi.org/10.7927/dwt2-9k25,1,Environmental performance index,Wolf et al. 2022,Governance,groundwater associated,Tabular,Series,Model,Country,1995,2024,1 y,USA,,CC BY-NC-SA 4.0 Deed
http://iwrmdataportal.unepdhi.org/,http://iwrmdataportal.unepdhi.org/,1,IWRM SDG6.5.1 Indicators,IWRM Data Portal,Governance,groundwater derived,Tabular,Series,Other,Country,2017,2023,3 y,INTAG,,Terms of Service
https://doi.org/10.1017/S1876404511200046,www.govindicators.org,1,Worldwide governance indicators,Kaufmann et al. 2011,Governance,groundwater associated,Tabular,Series,Model,Country,1996,2023,1 y,INTAG,,Statement
https://transboundarywaters.ceoas.oregonstate.edu/,http://transboundarywaters.science.oregonstate.edu/,1,International river basin organizations,Program in Water Conflict Management and Transformation,Governance,groundwater derived,Tabular,Record,Other,,,,,USA,,Statement
https://transboundarywaters.ceoas.oregonstate.edu/,http://transboundarywaters.science.oregonstate.edu/,1,International water event,Program in Water Conflict Management and Transformation,Governance,groundwater derived,Tabular,Record,Other,,1948,2008,,USA,,Statement
https://transboundarywaters.ceoas.oregonstate.edu/,http://transboundarywaters.science.oregonstate.edu/,1,International freshwater treaties,Program in Water Conflict Management and Transformation,Governance,groundwater derived,Tabular,Record,Other,,1820,2007,,USA,,Statement
https://www.worldwater.org/water-conflict/,https://www.worldwater.org/water-conflict/,1,Water conflict map,Water Conflict Chronology,Governance,groundwater derived,Point,Record,Other,,-2500,2023,,USA,,Statement
https://doi.org/10.1016/j.scitotenv.2023.161555,https://zenodo.org/doi/10.5281/zenodo.7465152,1,Water related intrastate conflict or cooperation,Kåresdotter et al. 2023,Governance,groundwater associated,Tabular,Record,Other,,,,,SWE,,CC BY 4.0
https://doi.org/10.1038/s41597-024-03505-8,https://doi.org/10.6084/m9.figshare.c.7061534.v1,1,Subnational Corruption Index,Crombach and Smits 2024,Governance,groundwater associated,Tabular,Series,Other,Subnational regions,1995,2022,1 y,CHE,,CC0
https://www.v-dem.net/media/publications/Working_Paper_21.pdf,https://doi.org/10.23696/mcwt-fr58,1,Varieites of democracy,Coppedge et al. 2024,Governance,groundwater associated,Tabular,Series,Other,Country,1789,2023,1 y,INTAG,,Statement
https://doi.org/10.14281/18241.17,https://doi.org/10.14281/18241.18,1,World Values Survey,Haerpfer et al. 2022,Governance,groundwater associated,Tabular,Series,Other,Country,1981,2022,~5 y,INTAG,,Statement
,,,,,,,,,,,,,,,,
https://www.un-igrac.org/resource/transboundary-aquifers-world-map-2021,https://ggis.un-igrac.org/view/tba/,1,Transboundary aquifers,IGRAC 2021,Hydrosphere,groundwater data,Polygon,Zonal,Other,1 : 50 000 000,2021,,,INTAG,,CC BY 4.0
https://doi.org/10.1007/978-90-481-3426-7_10,https://www.whymap.org/whymap/EN/Maps_Data/Gwr/gwr_node_en.html,1,WHYMAP aquifers,Richts et al. 2011,Hydrosphere,groundwater data,Polygon,Zonal,Other,1 : 25 000 000,,,,INTAG,,Statement
https://doi.org/10.1002/hyp.9740,https://www.hydrosheds.org/products/hydrorivers,1,HydroRIVERS,Lehner and Grill 2013,Hydrosphere,groundwater associated,Polyline,Static,Model,15 s,,,,CAN,,CC BY 4.0
https://doi.org/10.1002/hyp.9740,https://www.hydrosheds.org/products/hydrobasins,1,HydroBASINS,Lehner and Grill 2013,Hydrosphere,groundwater associated,Polygon,Static,Model,15 s,,,,CAN,,CC BY 4.0
https://doi.org/10.1038/s41597-022-01132-9,https://doi.org/10.6084/m9.figshare.c.5243309.v1,1,Lake bathymetry,Khazaei et al. 2022,Hydrosphere,groundwater associated,Raster,Static,Model,1 arc-sec,,,,USA,,CC0 1.0 Deed
https://doi.org/10.1038/ngeo2590,https://doi.org/10.5683/SP2/KS3BLD,1,Modern groundwater volume,Gleeson et al. 2016,Hydrosphere,groundwater data,Polygon,Static,Model,Watersheds,,,,CAN,,CC-BY 4.0
https://doi.org/10.1038/s41586-021-03565-5,https://doi.org/10.6084/m9.figshare.14633022.v1,1,Perennial intermittent rivers streams,Messager et al. 2021,Hydrosphere,groundwater derived,Polyline,Static,Model,Reach,,,,CAN,FRA,CC BY 4.0
https://doi.org/10.1088/1748-9326/aad8e9,https://www.hydrosheds.org/products/gloric,1,River classification,Ouellet Dallaire et al. 2019,Hydrosphere,groundwater associated,Polyline,Static,Model,Reach,,,,CAN,,CC BY 4.0
https://doi.org/10.1038/s41586-019-1111-9,https://doi.org/10.6084/m9.figshare.7688801.v1,1,River reach fragmentation,Grill et al. 2019,Hydrosphere,groundwater associated,Polyline,Static,Model,Reach; 4.2 km,,,,CAN,,CC BY 4.0
https://doi.org/10.1126/science.aat0636,https://doi.org/10.5281/zenodo.1297434,1,River width,Allen and Pavelsky 2018,Hydrosphere,groundwater associated,Polyline,Static,Remote sensing,Segment,,,,USA,,CC BY 4.0
https://doi.org/10.1175/JHM-D-14-0155.1,https://www.gloh2o.org/gscd/,1,Streamflow indices,Beck et al. 2015,Hydrosphere,groundwater associated,Raster,Static,Model,0.05 d,,,,ITA,AUS,CC BY-NC 4.0 Deed
https://doi.org/10.5194/essd-16-201-2024,https://doi.org/10.25914/K8ZF-6G46,1,Lake storage dynamics,Hou et al. 2024,Hydrosphere,groundwater associated,Tabular,Series,Remote sensing,,1984,present,1 m,AUS,,CC-BY 4.0
https://doi.org/10.1038/s41597-022-01410-6,https://doi.org/10.24416/UU01-T7TVTQ,1,Stream temperature projections,Bosmans et al. 2022,Hydrosphere,groundwater associated,Raster,Series,Model,10 km,1976,2099, 7d,NLD,,CC BY 4.0
https://doi.org/10.1002/2014JB011547,https://doi.org/10.5067/TEMSC-3JC62,1,Terrestrial water storage anomalies,Watkins et al. 2015,Hydrosphere,groundwater associated,Raster,Series,Remote sensing,0.5 d,2002,present,1 m,USA,,CC0
https://glo-30-hand.s3.us-west-2.amazonaws.com/readme.html,"https://registry.opendata.aws/glo-30-hand/#:~:text=Height%20Above%20Nearest%20Drainage%20(HAND)%20is%20a%20terrain%20model%20that,distance%20to%20the%20nearest%20drainage.",1,Height Above Nearest Drainage (HAND),Kennedy et al. (2022),Hydrosphere,groundwater associated,Raster,Static,Model,1 arc-sec,2021,,,USA,,CC0
https://doi.org/10.1038/s41597-019-0346-5,https://doi.org/10.6084/m9.figshare.9638939.v2,1,Karst spring hydrograph,Olarinoye et al. 2020,Hydrosphere,groundwater data,Tabular,Record,In situ,,,,,DEU,,CC BY 4.0
https://doi.org/10.1029/2022MS003277,https://doi.org/10.5281/zenodo.8091791,1,Potential and climatic plant-available soil water,Gupta et al. 2022,Hydrosphere,groundwater associated,Raster,Static,Model,1 km,,,,CHE,,CC BY 4.0
https://doi.org/10.1038/s41586-018-0123-1,https://doi.org/10.1038/s41586-018-0123-1,1,Terrestrial water storage rate of change,Rodell et al. 2018,Hydrosphere,groundwater derived,Tabular,Static,Remote sensing,0.5 d,2002,2016,14 y,USA,,CC BY 4.0
https://doi.org/10.1038/s41561-024-01453-x,https://doi.org/10.5683/SP3/GE4VEQ,1,Groundwater temperature and warming,Benz et al. 2024,Hydrosphere,groundwater data,Raster,Series,Model,5 km,2000,2100,20 y,CAN,DEU,CC0 1.0
https://doi.org/10.1038/s41597-020-0562-z,https://doi.org/10.1594/PANGAEA.913939,1,Surface and groundwater salinity,Thorslund et al. 2020,Hydrosphere,groundwater data,Tabular,Record,In situ,,1980,2019,,NDL,SWE,CC BY 4.0
http://www.gemstat.org/,https://doi.org/10.5281/zenodo.14230628,1,UNEP GEMS/Water Global Freshwater Quality Archive,Heinle et al. 2024,Hydrosphere,groundwater data,Tabular,Record,In situ,,1906,2023,,INTAG,,CC BY 4.0
https://doi.org/10.1126/science.aba1510,https://doi.org/10.25678/0001zt,1,Groundwater arsenic probability exceeding WHO guideline,Podgorski and Berg 2020,Hydrosphere,groundwater data,Raster,Static,Model,1 km,,,,CHE,GBR,Statement
https://doi.org/10.1038/s41467-022-31940-x,https://doi.org/10.25678/0006GQ,1,Groundwater fluoride probability exceeding WHO guideline,Podgorski and Berg 2022,Hydrosphere,groundwater data,Raster,Static,Model,250 m,,,,CHE,GBR,Statement
https://doi.org/10.1016/j.scitotenv.2020.137042,https://doi.org/10.25678/0001NG,1,Groundwater recharge,Moeck et al. 2020,Hydrosphere,groundwater data,Tabular,Static,In situ,,,,,CHE,,CC0
https://doi.org/10.1038/s41558-018-0386-4,https://doi.org/10.6084/m9.figshare.7393304.v8,1,Groundwater response time,Cuthbert et al. 2019,Hydrosphere,groundwater data,Raster,Static,Model,1 km,,,,GBR,,CC BY 4.0
https://doi.org/10.1007/s12665-016-5632-3,https://www.whymap.org/whymap/EN/Maps_Data/Gwv/gwv_node_en.html,1,Groundwater vulnerability floods droughts,Richts and Vrba 2016,Hydrosphere,groundwater derived,Polygon,Static,Other,1 : 25 000 000,,,,DEU,CZE,Statement
https://doi.org/10.1038/s41558-018-0386-4,https://doi.org/10.6084/m9.figshare.7393304.v8,1,Water table ratio,Cuthbert et al. 2019,Hydrosphere,groundwater derived,Raster,Static,Model,1 km,,,,GBR,,CC BY 4.0
https://doi.org/10.1038/s41586-019-1594-4,https://doi.org/10.5683/SP2/D7I7CC,1,Environmental flow head limit and year of transgression,de Graaf et al. 2019,Hydrosphere,groundwater derived,Raster,Static,Model,5 arc-min,,,,DEU,NLD,CC0 1.0 Deed
,,1.01,Surface water extent,,Hydrosphere,groundwater associated,,,,,,,,,,
https://doi.org/10.1016/j.rse.2020.111792,https://www.glad.umd.edu/dataset/global-surface-water-dynamics,0,Surface water extent change,Pickens et al. 2020,Hydrosphere,groundwater associated,Raster,Static,Remote sensing,0.00025 d,1999,2018,1 m,USA,,CC BY 4.0
https://land.copernicus.eu/en/products/water-bodies/water-bodies-global-v1-0-300m,https://land.copernicus.eu/en/products/water-bodies/water-bodies-global-v1-0-300m,0,Water body surface area,Compernicus Land Monitoring Service,Hydrosphere,groundwater associated,Raster,Series,Remote sensing,300 m,2014,present,10 d,INTAG,,Licence to use Copernicus Products
,,1.01,Dams,,Hydrosphere,groundwater associated,,,,,,,,,,
https://doi.org/10.1038/s41597-020-0362-5,https://doi.org/10.6084/m9.figshare.c.4648214,0,Global georeferenced database of dams (GOODD),Mulligan et al. 2020,Hydrosphere,groundwater associated,Point,Record,Other,,,,,GBR,,CC0
https://doi.org/10.1038/s41597-023-02008-2,https://doi.org/10.5281/zenodo.7616851,0,Global dam tracker,Zhang and Gu 2023,Hydrosphere,groundwater associated,Point,Record,Other,,,,,USA,,CC BY 4.0
https://doi.org/10.1038/s41597-024-03752-9,https://doi.org/10.6084/m9.figshare.25988293,0,Global dam watch consesus,Lehner et al. 2024,Hydrosphere,groundwater associated,Point,Record,Other,,,,,CAN,,CC BY 4.0
,,1.01,Lakes,,Hydrosphere,groundwater associated,,,,,,,,,,
https://doi.org/10.1016/j.jhydrol.2004.03.028,https://www.hydrosheds.org/products/glwd,0,Global lakes and wetlands,Lehner et al. in prep,Hydrosphere,groundwater associated,Polygon,Static,Other,,,,,USA,DEU,CC BY 4.0
https://doi.org/10.1038/ncomms13603,https://www.hydrosheds.org/products/hydrolakes,0,HydroLAKES,Messager et al. 2016,Hydrosphere,groundwater associated,Polygon,Static,Other,,,,,CAN,,CC BY 4.0
,,1.01,Soil moisture,,Hydrosphere,groundwater associated,,,,,,,,,,
https://doi.org/10.1016/j.rse.2017.07.001,https://www.esa-soilmoisture-cci.org/,0,Soil Moisture (ESA),Dorigo et al. 2017,Hydrosphere,groundwater associated,Raster,Series,Remote sensing,0.25 d,1978,2022,1 d,INTAG,,CC BY-SA 3.0 IGO Deed
https://ismn.earth/,https://ismn.earth/dataviewer/,0,International Soil Moisture Network,ISMN 2024,Hydrosphere,groundwater associated,Point,Record,In situ,,1952,present,,INTAG,,Statement
https://doi.org/10.1038/s41597-023-02011-7,https://doi.org/10.6084/m9.figshare.21806457.v1,0,Daily 1km soil moisture physics informed machine learning,Han et al. 2023,Hydrosphere,groundwater associated,Raster,Series,Model,1 km,2000,2022,1 d,NDL,,CC BY 4.0
https://doi.org/10.1038/s41597-021-00964-1,https://doi.org/10.6084/m9.figshare.c.5142185,0,Multilayer daily soil moisture,O and Orth 2021,Hydrosphere,groundwater associated,Raster,Series,Model,0.25 d,2000,2019,1 d,DEU,,CC0
,,1.01,Streamflow,,Hydrosphere,groundwater associated,,,,,,,,,,
https://doi.org/10.5194/essd-11-1655-2019,https://doi.org/10.6084/m9.figshare.9228176,0,Runoff reconstruction - GRUN,Ghiggi et al. 2019,Hydrosphere,groundwater associated,Raster,Series,Model,0.5 d,1902,2014,1 y,CHE,,CC BY 4.0 Deed
https://doi.org/10.5675/GRDC_Report_46,https://portal.grdc.bafg.de/,0,River discharge - GRDC,GRDC 2015,Hydrosphere,groundwater associated,Point,Record,In situ,,,,,INTAG,,CC BY-NC 2.0
,,1.01,Groundwater storage,,Hydrosphere,groundwater data,,,,,,,,,,
https://doi.org/10.1029/2018wr024618,https://doi.org/10.5067/IIU5JWU2AGRP,0,Groundwater storage anomalies,Li et al. 2019,Hydrosphere,groundwater data,Raster,Series,Model,0.25 d,2003,present,1 d,USA,,CC0
https://doi.org/10.5880/g3p.2024.001,https://datapub.gfz-potsdam.de//download/10.5880.G3P.2024.001-CWAniu,0,Global Gravity-based Groundwater Product (G3P),Güntner et al. 2024,Hydrosphere,groundwater data,Raster,Series,Model,0.5 d,2002,2023,1 m,DEU,,CC BY 4.0
,,1.01,Groundwater levels,,Hydrosphere,groundwater data,,,,,,,,,,
doi.org/10.1038/s41586-023-06879-8,https://10.5281/zenodo.10003696,0,Groundwater levels - Jasechko,Jasechko et al. 2024,Hydrosphere,groundwater data,Point,Record,In situ,,,,,USA,CHE,CC BY 4.0
https://doi.org/10.58154/6Z0Y-DA34,https://doi.org/10.58154/6Z0Y-DA34,0,Global Groundwater Monitoring Network (GGMN),IGRAC,Hydrosphere,groundwater data,Point,Record,In situ,,1836,2024,,INTAG,,CC BY 4.0
https://doi.org/10.1073/pnas.1712381114,https://wci.earth2observe.eu/thredds/catalog/usc/root-depth/catalog.html,0,Water table depth,Fan et al. 2017,Hydrosphere,groundwater data,Raster,Series,Model,30 arc-sec,2004,2013,1 m,USA,,Statement
,,1.01,Drought,,Hydrosphere,groundwater associated,,,,,,,,,,
https://doi.org/10.5194/essd-15-5449-2023,https://doi.org/10.5285/ac43da11867243a1bb414e1637802dec,0,High resolution drought indices,Gebrechorkos et al. 2023,Hydrosphere,groundwater associated,Raster,Series,Model,0.05 d,1981,2022,1 m,GBR,,Statement
https://doi.org/10.25921/w9va-q159,https://doi.org/10.25921/w9va-q159,0,Standardized Precipitation Index (SPI) from CMORPH,Xie et al. 2019,Hydrosphere,groundwater associated,Raster,Series,Model,8 km,1998,present,0.5 h,USA,,CC BY 4.0
,,,,,,,,,,,,,,,,
https://doi.org/10.1371/journal.pone.0020578,https://doi.org/10.5061/dryad.71c6r,1,Population distance to surface freshwater,Kummu et al. 2011,Integrative,groundwater associated,Raster,Static,Model,30 arc-sec,,,,FIN,,CC0 1.0 Deed
https://doi.org/10.1016/j.gloenvcha.2020.102170,https://doi.org/10.34894/JEDNM5,1,Land use decision making types,Malek and Verburg 2020,Integrative,groundwater associated,Raster,Static,Model,10 km,,,,NDL,CHE,CC0 1.0
https://10.1029/2019EF001239,https://10.5061/dryad.h2v2398,1,River basin resilience,Varis et al. 2019,Integrative,groundwater associated,Raster,Series,Model,5 arc-min,1990,2015,1 y,FIN,,CC0 1.0 Deed
,https://databank.worldbank.org/home,1,World Bank DataBank Indicators,World Bank,Integrative,groundwater associated,Tabular,Series,Other,Country,,,1 y,INTAG,,CC BY 4.0
https://doi.org/10.1016/j.oneear.2020.08.016,https://data.apps.fao.org/catalog/dataset/8ed893bd-842a-4866-a655-a0a0c02b79b5,1,Forest and tree proximate people,Newton et al. 2020,Integrative,groundwater associated,Raster,Static,Model,100 m,2019,,,USA,,CC BY 4.0
https://www.fao.org/aquastat/en/databases/maindatabase/,https://data.apps.fao.org/aquastat/,1,AQUASTAT core database,FAO 2024,Integrative,groundwater data,Tabular,Series,Other,Country,1960,present,,INTAG,,CC BY-NC- SA 3.0 IGO
https://doi.org/10.1073/pnas.0704243104,https://boku.ac.at/fileadmin/data/H03000/H73000/H73700/Data_Download/Global_HANPP_Data_fin.pdf,1,Human Appropriation of Net Primary Productivity (HANPP),Haberl et al. 2007,Integrative,groundwater associated,Raster,Static,Model,5 arc-min,2000,,,AUT,,Statement
,,1.01,Anthropogenic biomes,,Integrative,groundwater associated,,,,,,,,,,
https://doi.org/10.1890/070062,https://doi.org/10.7927/H4H12ZXD,0,Anthropogenic biomes,Ellis and Ramankutty 2008,Integrative,groundwater associated,Raster,Zonal,Model,5 arc-min,,,,USA,,CC0
https://doi.org/10.1111/j.1466-8238.2010.00540.x,https://doi.org/10.7927/H4SF2T3M,0,Anthropogenic biomes time series,Ellis et al. 2010,Integrative,groundwater associated,Raster,Series,Model,5 arc-min,1700,2000,100 y,USA,,CC0
,,1.01,Land cover,,Integrative,groundwater associated,,,,,,,,,,
https://doi.org/10.1038/s41597-022-01307-4,https://developers.google.com/earth-engine/datasets/catalog/GOOGLE_DYNAMICWORLD_V1,0,Dynamic world land use land cover,Brown et al. 2022,Integrative,groundwater associated,Raster,Series,Remote sensing,10 m,2015,present,2-5 d,USA,,CC BY 4.0
https://doi.org/10.1038/s41467-021-22702-2,https://doi.org/10.1594/PANGAEA.921846,0,Land use change historical,Winkler et al. 2021,Integrative,groundwater associated,Raster,Series,Model,1 km,1960,2019,1 y,NLD,DEU,CC BY 4.0
http://maps.elie.ucl.ac.be/CCI/viewer/download/ESACCI-LC-Ph2-PUGv2_2.0.pdf,http://maps.elie.ucl.ac.be/CCI/viewer/download.php,0,ESA land cover,Defourny et al. 2023,Integrative,groundwater associated,Raster,Series,Remote sensing,300 m,1992,2020,1 y,INTAG,,Custom license
,,,,,,,,,,,,,,,,
https://doi.org/10.1029/2012GC004370,https://doi.org/10.1594/PANGAEA.788537,1,Global lithological map,Hartmann and Moosdorf 2012,Lithosphere,groundwater associated,Polygon,Static,Other,1 : 1 000 000,,,,DEU,,CC BY 3.0 Deed
https://doi.org/10.1126/science.abb8549,https://doi.org/10.6084/m9.figshare.13312070.v1,1,Land subsidence,Herrera-García et al. 2021,Lithosphere,groundwater derived,Raster,Static,Model,30 arc-sec,2010,2040,30 y,ESP,,CC BY 4.0
https://doi.org/10.1002/2017GL075860,https://doi.org/10.5683/SP2/TTJNIU,1,Near surface permeability and porosity,Huscroft et al. 2018,Lithosphere,groundwater derived,Polygon,Static,Other,,,,,CAN,,CC BY 4.0
https://essd.copernicus.org/articles/10/1591/2018/,https://doi.pangaea.de/10.1594/PANGAEA.880771,1,Global coastal aquifer thickness,Zamrsky et al. (2018),Lithosphere,groundwater associated,Point,Static,Model,,,,,NDL,,CC-BY-3.0
https://journals.sagepub.com/doi/full/10.1177/8755293020944182,https://github.com/GEMScienceTools/gem-global-active-faults,1,GEM Global Active Faults Database,Styron et al. (2020),Lithosphere,groundwater associated,Point,Static,Other,,,,,ITA,,CC BY SA 4.0
https://link.springer.com/article/10.1007/s10040-016-1519-3,https://www.whymap.org/whymap/EN/Maps_Data/Wokam/wokam_node_en.html,1,World Karst Aquifer Map,Chen et al. (2017),Lithosphere,groundwater derived,Polygon,Zonal,Other,,,,,DEU,,Statement
https://www.sciencedirect.com/science/article/pii/S0012825221000635,https://www.sciencedirect.com/science/article/pii/S0012825221000635,1,Global sedimentary basin map,Evenick et al. (2021),Lithosphere,groundwater associated,Polygon,Zonal,Other,,,,,JPN,,CC BY-NC-ND 4.0
https://agupubs.onlinelibrary.wiley.com/doi/full/10.1002/2016MS000686,http://globalchange.bnu.edu.cn/research/dtb.jsp,1,A Global Depth to Bedrock Dataset for Earth System Modeling,Shangguan et al. 2017,Lithosphere,groundwater associated,Raster,Static,Model,250 m,,,,CHN,,Statement
https://agupubs.onlinelibrary.wiley.com/doi/full/10.1002/2015MS000526,https://daac.ornl.gov/SOILS/guides/Global_Soil_Regolith_Sediment.html,1,"Global 1-km Gridded Thickness of Soil, Regolith, and Sedimentary Deposit Layers","Pelletier et al., (2016)",Lithosphere,groundwater associated,Raster,Static,Model,1 km,,,,USA,,CC0
https://ds.iris.edu/ds/products/emc-crust10/,https://ds.iris.edu/ds/products/emc-crust10/,1,"Global crustal model (1 by 1 degree), total sedimentary thickness",Laske et al. (2013),Lithosphere,groundwater associated,Raster,Static,Model,1 d,,,,USA,,Statement
,,1.01,Soils,,Lithosphere,groundwater associated,,,,,,,,,,
https://doi.org/10.1371/journal.pone.0169748,https://soilgrids.org/,0,Soil grids,Hengl et al. 2017,Lithosphere,groundwater associated,Raster,Static,Model,250 m,,,,NLD,,CC BY 4.0
https://www.fao.org/soils-portal/data-hub/soil-maps-and-databases/harmonized-world-soil-database-v20/en/,https://www.fao.org/soils-portal/data-hub/soil-maps-and-databases/harmonized-world-soil-database-v12/en/,0,World soil database,Nachtergaele et al. 2009,Lithosphere,groundwater associated,Raster,Static,Other,30 arc-sec,,,,ITA,AUT,CC BY-NC- SA 3.0 IGO
,,,,,,,,,,,,,,,,
https://native-land.ca/,https://native-land.ca/resources/api-docs/,1,Indigenous languages,Native Land Digital,Socioeconomic,groundwater associated,Polygon,Zonal,Other,,,,,CAN,,Statement
https://doi.org/10.1038/s41597-019-0265-5,https://doi.org/10.6084/m9.figshare.7638134.v3,1,Accessibility to cities,Nelson et al. 2019,Socioeconomic,groundwater associated,Raster,Static,Model,30 arc-sec,2015,,,NLD,USA,CC BY 4.0
https://doi.org/10.1038/s41597-022-01322-5,https://doi.org/10.6084/m9.figshare.17004523.v1,1,Electricity consumption,Chen et al. 2022,Socioeconomic,groundwater associated,Raster,Series,Model,1 km,1992,2019,1 y,CHN,,CC BY 4.0
https://doi.org/10.5194/hess-22-2117-2018,https://doi.org/10.5281/zenodo.897933,1,Gridded freshwater withdrawal sectoral,Huang et al. 2018,Socioeconomic,groundwater associated,Raster,Series,Model,0.5 d,1970,2010,1 m,USA,CHN,CC BY 4.0
https://www.protectedplanet.net/en,https://www.protectedplanet.net/en,1,Protected areas OECMs,Protected planet,Socioeconomic,groundwater associated,Polygon,Zonal,Other,,,,,USA,,Statement
https://www.researchsquare.com/article/rs-5548291/v1,https://doi.org/10.5281/zenodo.14056856,1,Subnational Gini and GNI per capita time series,Chrisendo et al. 2024,Socioeconomic,groundwater associated,Polygon,Series,Model,Admin level 1,1990,2021,1 y,FIN,,CC BY 4.0
www.wri.org/publication/global-database-power-plants,https://datasets.wri.org/datasets/global-power-plant-database,1,Power plants,Global Energy Observatory et al. 2021,Socioeconomic,groundwater associated,Point,Static,Other,,,,,USA,,CC BY 4.0
https://10.1029/2019EF001239,https://doi.org/10.5061/dryad.h2v2398,1,Social adaptive capacity,Varis et al. 2019,Socioeconomic,groundwater associated,Raster,Series,Model,5 arc-min,1990,2015,1 y,FIN,,CC0 1.0 Deed
https://doi.org/10.46830/writn.23.00061,https://www.wri.org/data/aqueduct-global-maps-40-data#download-form,1,Unimproved / no drinking water,Aqueduct 4.0,Socioeconomic,groundwater derived,Polygon,Static,Model,HydroBASINS 6,2015,,,INTAG,,CC BY 4.0
https://sedac.ciesin.columbia.edu/downloads/docs/povmap/povmap-grdi-v1-documentation.pdf,https://doi.org/10.7927/3xxe-ap97,1,Gridded Relative Deprivation Index (GRDI),CIESIN 2022,Socioeconomic,groundwater associated,Raster,Static,Model,30 arc-sec,,,,USA,,CC BY 4.0
https://doi.org/10.1038/s41597-022-01824-2,https://doi.org/10.5281/zenodo.5821532,1,LivWell: living conditions of women and well-being,Belmin et al. 2022,Socioeconomic,groundwater associated,Tabular,Record,Other,Admin level 1,1990,2019,,DEU,,CC BY 4.0
https://doi.org/10.1038/sdata.2019.38,https://doi.org/10.6084/m9.figshare.c.4353632.v1,1,Subnational human development and gender inequality,Smits and Permanyer 2019,Socioeconomic,groundwater associated,Tabular,Series,Model,Subnational regions,1990,2017,1 y,NLD,ESP,CC BY-SA 4.0
https://doi.org/10.1007/s40899-017-0212-6,https://ggis.un-igrac.org/view/marportal/,1,Managed aquifer recharge schemes,"Stefan & Ansems, 2018",Socioeconomic,groundwater data,Point,Record,Other,,,,,NLD,,CC BY-SA 4.0
https://doi.org/10.1038/s41597-019-0084-8,https://doi.org/10.6084/m9.figshare.c.4249532.v2,1,Development potential indices,Oakleaf et al. 2019,Socioeconomic,groundwater associated,Raster,Static,Model,1 km,,,,USA,,CC BY 4.0
https://doi.org/10.1038/s41591-020-1059-1,https://malariaatlas.org/research-project/accessibility_to_healthcare/,1,Travel time to healthcare facilites,Weiss et al. 2020,Socioeconomic,groundwater associated,Raster,Static,Model,1 km,,,,GBR,AUS,CC BY 3.0
https://doi.org/10.1038/sdata.2018.4,https://doi.org/10.5061/dryad.dk1j0,1,Human development index HDI,Kummu et al. 2018,Socioeconomic,groundwater associated,Raster,Series,Model,5 arc-min,1990,2015,1 y,FIN,,CC0 1.0 Deed
https://doi.org/10.5194/essd-12-1953-2020,https://doi.org/10.5281/zenodo.3963013,1,Human modification gradient,Theobald et al. 2020,Socioeconomic,groundwater associated,Raster,Series,Model,300 m,1990,2017,5 y,USA,,CC BY 1.0
https://gain.nd.edu/assets/522870/nd_gain_countryindextechreport_2023_01.pdf,https://gain.nd.edu/our-work/country-index/methodology/,1,ND-GAIN Adaptation Index,Chen et al. 2023,Socioeconomic,groundwater associated,Tabular,Series,Model,Country,1995,2024,1 y,USA,,Statement
,,1.01,Population layers,,Socioeconomic,groundwater associated,,,,,,,,,,
https://doi.org/10.48690/1529167,https://doi.org/10.48690/1529167,0,LandScan ambient population,Sims et al. 2023,Socioeconomic,groundwater associated,Raster,Series,Model,30 arc-sec,1998,2023,1 y,USA,,CC BY 4.0
https://doi.org/10.2905/2FF68A52-5B5B-4A22-8F40-C41DA8332CFE,https://doi.org/10.2905/2FF68A52-5B5B-4A22-8F40-C41DA8332CFE,0,GHS-POP - Population,Carioli et al. 2023,Socioeconomic,groundwater associated,Raster,Series,Model,3 arc-sec,1975,2030,5 y,INTAG,,CC BY 4.0
https://sedac.ciesin.columbia.edu/downloads/docs/gpw-v4/gpw-v4-documentation-rev11.pdf,https://doi.org/10.7927/H4F47M65,0,Gridded Population of the World (GPWv4) layers,CIESIN 2018,Socioeconomic,groundwater associated,Raster,Series,Model,30 arc-sec,2000,2020,5 y,USA,,CC BY 4.0
https://doi.org/10.1038/s41597-022-01675-x,https://doi.org/10.6084/m9.figshare.19608594.v2,0,Population projections,Wang et al. 2022,Socioeconomic,groundwater associated,Raster,Series,Model,30 arc-sec,2020,2100,5 y,CHN,,CC BY 4.0
https://doi.org/10.7927/H4R20Z93,https://doi.org/10.7927/H4R20Z93,0,Global Rural-Urban Mapping Project (GRUMPv1) - Population density,Balk et al. 2006,Socioeconomic,groundwater associated,Raster,Series,Model,30 arc-sec,1990,2000,5 y,USA,,CC BY 4.0
,,1.01,GDP,,Socioeconomic,groundwater associated,,,,,,,,,,
https://doi.org/10.21203/rs.3.rs-4321741/v1,https://zenodo.org/records/13943886,0,Subnational gross domestic product (GDP) and GDP per capita,"Kummu et al. 2018,2024",Socioeconomic,groundwater associated,Polygon,Series,Model,Admin level 2,1990,2022,1 y,FIN,,CC BY 4.0
https://doi.org/10.1038/s41597-022-01322-5,https://doi.org/10.6084/m9.figshare.17004523.v1,0,Revised real GDP,Chen et al. 2022,Socioeconomic,groundwater associated,Raster,Series,Model,1 km,1992,2019,1 y,CHN,,CC BY 4.0
https://doi.org/10.1038/s41597-022-01300-x,https://doi.org/10.5281/zenodo.5880037,0,GDP projections,Wang et al. 2022,Socioeconomic,groundwater associated,Raster,Series,Model,30 arc-sec,2030,2100,10 y,CHN,,CC BY 4.0
,,1.01,Human footprint,,Socioeconomic,groundwater associated,,,,,,,,,,
https://doi.org/10.1038/sdata.2016.67,https://doi.org/10.5061/dryad.052q5,0,Terrestrial human footprint,Venter et al. 2016,Socioeconomic,groundwater associated,Raster,Static,Model,1 km,1993,2009,16 y,CAN,AUS,CC0 1.0 Deed
https://doi.org/10.32942/osf.io/d7rh6,https://wcshumanfootprint.org/data-access,0,Human footprint timeseries,Wildlife conservation society,Socioeconomic,groundwater associated,Raster,Series,Model,300 m,2000,2019,1 y,USA,,CC BY-NC-SA 3.0
https://10.1029/2019EF001239,https://doi.org/10.5061/dryad.h2v2398,0,Human footprint,Varis et al. 2019,Socioeconomic,groundwater associated,Raster,Series,Model,5 arc-min,1990,2015,1 y,FIN,,CC0 1.0 Deed
,,1.01,Migration,,Socioeconomic,groundwater associated,,,,,,,,,,
http://iopscience.iop.org/1748-9326/7/4/045602,https://doi.org/10.7927/H4319SVC,0,Migration grids historical,de Sherbinin et al. 2012,Socioeconomic,groundwater associated,Raster,Series,Model,30 arc-sec,1970,2000,10 y,USA,,CC BY 4.0
https://doi.org/10.1038/s41562-023-01689-4,https://doi.org/10.5281/zenodo.7997134,0,Net migration grids - recent,Niva et al. 2023,Socioeconomic,groundwater associated,Raster,Series,Model,5 arc-min,2000,2019,1 y,FIN,,CC BY 4.0
,,1.01,Night lights,,Socioeconomic,groundwater associated,,,,,,,,,,
doi.org/10.1038/s41597-020-0510-y,https://doi.org/10.6084/m9.figshare.9828827.v2,0,Nighttime lights,Li et al. 2020,Socioeconomic,groundwater associated,Raster,Series,Remote sensing,30 arc-sec,1992,2018,1 y,USA,,CC BY 4.0
https://doi.org/10.1016/j.gloplacha.2018.03.005,https://doi.org/10.7927/9ryj-6467,0,VIIRS Plus DMSP Change in Lights (VIIRS+DMSP dLIGHT),CIESIN 2020,Socioeconomic,groundwater associated,Raster,Series,Remote sensing,30 arc-sec,1992,2015,1 y,USA,,CC BY 4.0
https://doi.org/10.1038/s41597-024-04228-66,https://doi.org/10.6084/m9.figshare.22262545.v8,0,Annual simulated VIIRS nighttime light dataset,Chen et al. 2024,Socioeconomic,groundwater associated,Raster,Series,Model,15 arc-sec,1992,2023,1 y,CHN,,CC BY 4.0
,,1.01,Urban land,,Socioeconomic,groundwater associated,,,,,,,,,,
https://doi.org/10.1016/S0065-308X(05)62004-0,https://doi.org/10.7927/H4GH9FVG,0,Global Rural-Urban Mapping Project (GRUMPv1) - Urban extents,Balk et al. 2006,Socioeconomic,groundwater associated,Raster,Series,Model,30 arc-sec,1990,2000,5 y,USA,,CC0
https://doi.org/10.1080/17538947.2024.2390454,https://doi.org/10.2905/2FF68A52-5B5B-4A22-8F40-C41DA8332CFE,0,GHS-BUILT-S - built-up surface,Pesaresi et al. 2023,Socioeconomic,groundwater associated,Raster,Series,Model,10 m,1975,2030,5 y,INTAG,,CC BY 4.0
https://doi.org/10.1038/s41597-021-01052-0,https://doi.org/10.7927/1z4r-ez63,0,Urban land fraction,Gao and Pesaresi 2021,Socioeconomic,groundwater associated,Raster,Series,Model,1 km,2000,2100,10 y,USA,,CC0 1.0 Deed
,,1.01,Inequality databases,,Socioeconomic,groundwater associated,,,,,,,,,,
https://wir2022.wid.world/,https://wid.world/,0,World Inequality Database,"Alvaredo, Atkinson, Piketty & Saez (2024)",Socioeconomic,groundwater associated,Tabular,Series,Other,Country,1900,2014,1 y,FRA,USA,Statement
https://doi.org/10.1111/ssqu.12795,https://doi.org/10.7910/DVN/LM4OWF,0,Standardized World Income Inequality Database,Solt (2024),Socioeconomic,groundwater associated,Tabular,Series,Other,Country,1960,2023,1 y,USA,,CC0 1.0
,,1.01,Roads,,Socioeconomic,groundwater associated,,,,,,,,,,
https://doi.org/10.1088/1748-9326/aabd42,https://www.globio.info/download-grip-dataset,0,Global roads GRIP,Meijer et al. 2018,Socioeconomic,groundwater associated,Polyline,Static,Other,,,,,NLD,,CC0 1.0 Deed
https://sedac.ciesin.columbia.edu/downloads/docs/groads/groads-v1-documentation.pdf,https://doi.org/10.7927/H4VD6WCT,0,Global roads gROADS,CODATA Global Roads Data Development Task Group 2013,Socioeconomic,groundwater associated,Polyline,Static,Other,,,,,USA,,CC0 with country specific acknowledgements
